use SCMS

insert into person values(201718110101,'叶怡炜','670B14728AD9902AECBA32E22FA4F6BD','学生',2017,'地理信息科学',2,'1999-08-26')
insert into person values(201718110108,'刘彦妤','670B14728AD9902AECBA32E22FA4F6BD','学生',2017,'地理信息科学',2,'1999-05-31')
insert into person values(201718110116,'贺琬茹','670B14728AD9902AECBA32E22FA4F6BD','学生',2017,'地理信息科学',2,'1999-06-24')
insert into person values(201718110120,'刘源','670B14728AD9902AECBA32E22FA4F6BD','学生',2017,'地理信息科学',2,'')
insert into person values(201718110123,'楼杰','670B14728AD9902AECBA32E22FA4F6BD','学生',2017,'地理信息科学',1,'1998-11-26')
insert into person values(201718110201,'杨依菲','670B14728AD9902AECBA32E22FA4F6BD','学生',2017,'地理信息科学',2,'1999-08-23')
insert into person values(201718110227,'方思凡','670B14728AD9902AECBA32E22FA4F6BD','学生',2017,'地理信息科学',1,'1999-12-27')
insert into person values(201718110229,'樊博洋','670B14728AD9902AECBA32E22FA4F6BD','学生',2017,'地理信息科学',1,'1999-09-25')
insert into person values(201718110230,'方一益','670B14728AD9902AECBA32E22FA4F6BD','学生',2017,'地理信息科学',1,'1999-07-25')
insert into person values(201718110232,'朱辰','670B14728AD9902AECBA32E22FA4F6BD','学生',2017,'地理信息科学',1,'1999-04-14')
insert into person values(201718110303,'卢萍','670B14728AD9902AECBA32E22FA4F6BD','学生',2017,'地理信息科学',2,'1999-08-17')
insert into person values(201718110308,'姚思佳','670B14728AD9902AECBA32E22FA4F6BD','学生',2017,'地理信息科学',2,'1998-09-12')
insert into person values(201718110310,'程恬恬','670B14728AD9902AECBA32E22FA4F6BD','学生',2017,'地理信息科学',2,'1999-07-06')
insert into person values(201718110313,'王琼娴','670B14728AD9902AECBA32E22FA4F6BD','学生',2017,'地理信息科学',2,'')
insert into person values(201718110319,'邱依婷','670B14728AD9902AECBA32E22FA4F6BD','学生',2017,'地理信息科学',2,'1998-12-08')
insert into person values(201718110320,'孙剑','670B14728AD9902AECBA32E22FA4F6BD','学生',2017,'地理信息科学',1,'1999-05-16')
insert into person values(201718110321,'阮鸿钶','670B14728AD9902AECBA32E22FA4F6BD','学生',2017,'地理信息科学',1,'1999-01-26')
insert into person values(201718110333,'丁震天','670B14728AD9902AECBA32E22FA4F6BD','学生',2017,'地理信息科学',1,'1999-06-14')
insert into person values(201718110401,'张飘尹','670B14728AD9902AECBA32E22FA4F6BD','学生',2017,'地理信息科学',2,'1999-05-20')
insert into person values(201718110404,'施伊诺','670B14728AD9902AECBA32E22FA4F6BD','学生',2017,'地理信息科学',2,'1999-09-16')
insert into person values(201718110413,'陈金金','670B14728AD9902AECBA32E22FA4F6BD','学生',2017,'地理信息科学',2,'1999-03-06')
insert into person values(201718110424,'高鑫','670B14728AD9902AECBA32E22FA4F6BD','学生',2017,'地理信息科学',1,'1998-12-18')
insert into person values(201718110425,'陈博文','670B14728AD9902AECBA32E22FA4F6BD','学生',2017,'地理信息科学',1,'1999-09-06')
insert into person values(201718110426,'吴瀚','670B14728AD9902AECBA32E22FA4F6BD','学生',2017,'地理信息科学',1,'1999-07-22')
insert into person values(201718110428,'程杰','670B14728AD9902AECBA32E22FA4F6BD','学生',2017,'地理信息科学',1,'1999-06-17')
insert into person values(201718110503,'朱佳逸','670B14728AD9902AECBA32E22FA4F6BD','学生',2017,'地理信息科学',2,'1997-11-10')
insert into person values(201718110506,'周俊好','670B14728AD9902AECBA32E22FA4F6BD','学生',2017,'地理信息科学',2,'1999-11-10')
insert into person values(201718110508,'胡梦晨','670B14728AD9902AECBA32E22FA4F6BD','学生',2017,'地理信息科学',2,'1999-01-02')
insert into person values(201718110509,'郑兰兰','670B14728AD9902AECBA32E22FA4F6BD','学生',2017,'地理信息科学',2,'1999-07-02')
insert into person values(201718110514,'施汶君','670B14728AD9902AECBA32E22FA4F6BD','学生',2017,'地理信息科学',2,'1999-02-05')
insert into person values(201718110516,'董雨诺','670B14728AD9902AECBA32E22FA4F6BD','学生',2017,'地理信息科学',2,'1999-07-27')
insert into person values(201718110525,'徐翰辰','670B14728AD9902AECBA32E22FA4F6BD','学生',2017,'地理信息科学',1,'1999-10-24')
insert into person values(201718110526,'黄逸','670B14728AD9902AECBA32E22FA4F6BD','学生',2017,'地理信息科学',1,'1999-05-23')
insert into person values(201718110527,'黄海滨','670B14728AD9902AECBA32E22FA4F6BD','学生',2017,'地理信息科学',1,'2000-03-23')
insert into person values(201718110528,'潘碧渊','670B14728AD9902AECBA32E22FA4F6BD','学生',2017,'地理信息科学',1,'1999-05-28')

insert into person(id,name,password,role,gender,born) values(200500000000,'杜华强','670B14728AD9902AECBA32E22FA4F6BD','教师',1,'1979-05-28')
insert into person(id,name,password,role,gender,born) values(200500000001,'徐文兵','670B14728AD9902AECBA32E22FA4F6BD','教师',1,'1978-05-28')
insert into person(id,name,password,role,gender,born) values(200500000002,'陈永刚','670B14728AD9902AECBA32E22FA4F6BD','教师',1,'1977-05-28')

insert into person(id,name,password,role) values(1,'admin','670B14728AD9902AECBA32E22FA4F6BD','管理员')


insert into Course values(20180001,'遥感概论',2018,2,200500000000,3)
insert into Course values(20170001,'地理信息系统',2017,2,200500000002,4)
insert into Course values(20180002,'GPS原理',2018,2,200500000001,3)
insert into Course values(20190001,'数字图像处理',2019,1,200500000000,3)

insert into StudentCourse(studentId,courseId,Score) values(201718110101,20180001,99)
insert into StudentCourse(studentId,courseId,Score) values(201718110108,20180001,88)
insert into StudentCourse(studentId,courseId,Score) values(201718110116,20180001,95)
insert into StudentCourse(studentId,courseId,Score) values(201718110120,20180001,96)
insert into StudentCourse(studentId,courseId,Score) values(201718110123,20180001,82)
insert into StudentCourse(studentId,courseId,Score) values(201718110201,20180001,93)
insert into StudentCourse(studentId,courseId,Score) values(201718110227,20180001,98)
insert into StudentCourse(studentId,courseId,Score) values(201718110229,20180001,90)
insert into StudentCourse(studentId,courseId,Score) values(201718110230,20180001,71)
insert into StudentCourse(studentId,courseId,Score) values(201718110232,20180001,85)
insert into StudentCourse(studentId,courseId,Score) values(201718110303,20180001,73)
insert into StudentCourse(studentId,courseId,Score) values(201718110308,20180001,79)
insert into StudentCourse(studentId,courseId,Score) values(201718110310,20180001,78)
insert into StudentCourse(studentId,courseId,Score) values(201718110313,20180001,73)
insert into StudentCourse(studentId,courseId,Score) values(201718110319,20180001,76)
insert into StudentCourse(studentId,courseId,Score) values(201718110320,20180001,100)
insert into StudentCourse(studentId,courseId,Score) values(201718110321,20180001,82)
insert into StudentCourse(studentId,courseId,Score) values(201718110333,20180001,70)
insert into StudentCourse(studentId,courseId,Score) values(201718110401,20180001,94)
insert into StudentCourse(studentId,courseId,Score) values(201718110404,20180001,74)
insert into StudentCourse(studentId,courseId,Score) values(201718110413,20180001,74)
insert into StudentCourse(studentId,courseId,Score) values(201718110424,20180001,86)
insert into StudentCourse(studentId,courseId,Score) values(201718110425,20180001,90)
insert into StudentCourse(studentId,courseId,Score) values(201718110426,20180001,72)
insert into StudentCourse(studentId,courseId,Score) values(201718110428,20180001,73)
insert into StudentCourse(studentId,courseId,Score) values(201718110503,20180001,100)
insert into StudentCourse(studentId,courseId,Score) values(201718110506,20180001,85)
insert into StudentCourse(studentId,courseId,Score) values(201718110508,20180001,70)
insert into StudentCourse(studentId,courseId,Score) values(201718110509,20180001,86)
insert into StudentCourse(studentId,courseId,Score) values(201718110514,20180001,96)
insert into StudentCourse(studentId,courseId,Score) values(201718110516,20180001,71)
insert into StudentCourse(studentId,courseId,Score) values(201718110525,20180001,73)
insert into StudentCourse(studentId,courseId,Score) values(201718110526,20180001,70)
insert into StudentCourse(studentId,courseId,Score) values(201718110527,20180001,81)
insert into StudentCourse(studentId,courseId,Score) values(201718110528,20180001,93)

insert into StudentCourse(studentId,courseId,Score) values(201718110101,20170001,76)
insert into StudentCourse(studentId,courseId,Score) values(201718110108,20170001,79)
insert into StudentCourse(studentId,courseId,Score) values(201718110116,20170001,96)
insert into StudentCourse(studentId,courseId,Score) values(201718110120,20170001,74)
insert into StudentCourse(studentId,courseId,Score) values(201718110123,20170001,72)
insert into StudentCourse(studentId,courseId,Score) values(201718110201,20170001,77)
insert into StudentCourse(studentId,courseId,Score) values(201718110227,20170001,85)
insert into StudentCourse(studentId,courseId,Score) values(201718110229,20170001,76)
insert into StudentCourse(studentId,courseId,Score) values(201718110230,20170001,89)
insert into StudentCourse(studentId,courseId,Score) values(201718110232,20170001,79)
insert into StudentCourse(studentId,courseId,Score) values(201718110303,20170001,85)
insert into StudentCourse(studentId,courseId,Score) values(201718110308,20170001,95)
insert into StudentCourse(studentId,courseId,Score) values(201718110310,20170001,94)
insert into StudentCourse(studentId,courseId,Score) values(201718110313,20170001,100)
insert into StudentCourse(studentId,courseId,Score) values(201718110319,20170001,82)
insert into StudentCourse(studentId,courseId,Score) values(201718110320,20170001,89)
insert into StudentCourse(studentId,courseId,Score) values(201718110321,20170001,77)
insert into StudentCourse(studentId,courseId,Score) values(201718110333,20170001,71)
insert into StudentCourse(studentId,courseId,Score) values(201718110401,20170001,73)
insert into StudentCourse(studentId,courseId,Score) values(201718110404,20170001,81)
insert into StudentCourse(studentId,courseId,Score) values(201718110413,20170001,70)
insert into StudentCourse(studentId,courseId,Score) values(201718110424,20170001,96)
insert into StudentCourse(studentId,courseId,Score) values(201718110425,20170001,71)
insert into StudentCourse(studentId,courseId,Score) values(201718110426,20170001,94)
insert into StudentCourse(studentId,courseId,Score) values(201718110428,20170001,77)
insert into StudentCourse(studentId,courseId,Score) values(201718110503,20170001,83)
insert into StudentCourse(studentId,courseId,Score) values(201718110506,20170001,89)
insert into StudentCourse(studentId,courseId,Score) values(201718110508,20170001,72)
insert into StudentCourse(studentId,courseId,Score) values(201718110509,20170001,74)
insert into StudentCourse(studentId,courseId,Score) values(201718110514,20170001,93)
insert into StudentCourse(studentId,courseId,Score) values(201718110516,20170001,76)
insert into StudentCourse(studentId,courseId,Score) values(201718110525,20170001,72)
insert into StudentCourse(studentId,courseId,Score) values(201718110526,20170001,74)
insert into StudentCourse(studentId,courseId,Score) values(201718110527,20170001,86)
insert into StudentCourse(studentId,courseId,Score) values(201718110528,20170001,75)

insert into StudentCourse(studentId,courseId,Score) values(201718110101,20180002,95)
insert into StudentCourse(studentId,courseId,Score) values(201718110108,20180002,100)
insert into StudentCourse(studentId,courseId,Score) values(201718110116,20180002,92)
insert into StudentCourse(studentId,courseId,Score) values(201718110120,20180002,83)
insert into StudentCourse(studentId,courseId,Score) values(201718110123,20180002,94)
insert into StudentCourse(studentId,courseId,Score) values(201718110201,20180002,77)
insert into StudentCourse(studentId,courseId,Score) values(201718110227,20180002,94)
insert into StudentCourse(studentId,courseId,Score) values(201718110229,20180002,74)
insert into StudentCourse(studentId,courseId,Score) values(201718110230,20180002,90)
insert into StudentCourse(studentId,courseId,Score) values(201718110232,20180002,99)
insert into StudentCourse(studentId,courseId,Score) values(201718110303,20180002,82)
insert into StudentCourse(studentId,courseId,Score) values(201718110308,20180002,96)
insert into StudentCourse(studentId,courseId,Score) values(201718110310,20180002,89)
insert into StudentCourse(studentId,courseId,Score) values(201718110313,20180002,74)
insert into StudentCourse(studentId,courseId,Score) values(201718110319,20180002,98)
insert into StudentCourse(studentId,courseId,Score) values(201718110320,20180002,91)
insert into StudentCourse(studentId,courseId,Score) values(201718110321,20180002,97)
insert into StudentCourse(studentId,courseId,Score) values(201718110333,20180002,83)
insert into StudentCourse(studentId,courseId,Score) values(201718110401,20180002,73)
insert into StudentCourse(studentId,courseId,Score) values(201718110404,20180002,78)
insert into StudentCourse(studentId,courseId,Score) values(201718110413,20180002,88)
insert into StudentCourse(studentId,courseId,Score) values(201718110424,20180002,99)
insert into StudentCourse(studentId,courseId,Score) values(201718110425,20180002,76)
insert into StudentCourse(studentId,courseId,Score) values(201718110426,20180002,92)
insert into StudentCourse(studentId,courseId,Score) values(201718110428,20180002,70)
insert into StudentCourse(studentId,courseId,Score) values(201718110503,20180002,78)
insert into StudentCourse(studentId,courseId,Score) values(201718110506,20180002,97)
insert into StudentCourse(studentId,courseId,Score) values(201718110508,20180002,100)
insert into StudentCourse(studentId,courseId,Score) values(201718110509,20180002,77)
insert into StudentCourse(studentId,courseId,Score) values(201718110514,20180002,75)
insert into StudentCourse(studentId,courseId,Score) values(201718110516,20180002,87)
insert into StudentCourse(studentId,courseId,Score) values(201718110525,20180002,90)
insert into StudentCourse(studentId,courseId,Score) values(201718110526,20180002,73)
insert into StudentCourse(studentId,courseId,Score) values(201718110527,20180002,76)
insert into StudentCourse(studentId,courseId,Score) values(201718110528,20180002,90)

insert into StudentCourse(studentId,courseId,Score) values(201718110101,20190001,95)
insert into StudentCourse(studentId,courseId,Score) values(201718110108,20190001,100)
insert into StudentCourse(studentId,courseId,Score) values(201718110116,20190001,92)
insert into StudentCourse(studentId,courseId,Score) values(201718110120,20190001,83)
insert into StudentCourse(studentId,courseId,Score) values(201718110123,20190001,94)
insert into StudentCourse(studentId,courseId,Score) values(201718110201,20190001,77)
insert into StudentCourse(studentId,courseId,Score) values(201718110227,20190001,94)
insert into StudentCourse(studentId,courseId,Score) values(201718110229,20190001,74)
insert into StudentCourse(studentId,courseId,Score) values(201718110230,20190001,90)
insert into StudentCourse(studentId,courseId,Score) values(201718110232,20190001,99)
insert into StudentCourse(studentId,courseId,Score) values(201718110303,20190001,82)
insert into StudentCourse(studentId,courseId,Score) values(201718110308,20190001,96)
insert into StudentCourse(studentId,courseId,Score) values(201718110310,20190001,89)
insert into StudentCourse(studentId,courseId,Score) values(201718110313,20190001,74)
insert into StudentCourse(studentId,courseId,Score) values(201718110319,20190001,98)
insert into StudentCourse(studentId,courseId,Score) values(201718110320,20190001,91)
insert into StudentCourse(studentId,courseId,Score) values(201718110321,20190001,97)
insert into StudentCourse(studentId,courseId,Score) values(201718110333,20190001,83)
insert into StudentCourse(studentId,courseId,Score) values(201718110401,20190001,73)
insert into StudentCourse(studentId,courseId,Score) values(201718110404,20190001,78)
insert into StudentCourse(studentId,courseId,Score) values(201718110413,20190001,88)
insert into StudentCourse(studentId,courseId,Score) values(201718110424,20190001,99)
insert into StudentCourse(studentId,courseId,Score) values(201718110425,20190001,76)
insert into StudentCourse(studentId,courseId,Score) values(201718110426,20190001,92)
insert into StudentCourse(studentId,courseId,Score) values(201718110428,20190001,70)
insert into StudentCourse(studentId,courseId,Score) values(201718110503,20190001,78)
insert into StudentCourse(studentId,courseId,Score) values(201718110506,20190001,97)
insert into StudentCourse(studentId,courseId,Score) values(201718110508,20190001,100)
insert into StudentCourse(studentId,courseId,Score) values(201718110509,20190001,77)
insert into StudentCourse(studentId,courseId,Score) values(201718110514,20190001,75)
insert into StudentCourse(studentId,courseId,Score) values(201718110516,20190001,87)
insert into StudentCourse(studentId,courseId,Score) values(201718110525,20190001,90)
insert into StudentCourse(studentId,courseId,Score) values(201718110526,20190001,73)
insert into StudentCourse(studentId,courseId,Score) values(201718110527,20190001,76)
insert into StudentCourse(studentId,courseId,Score) values(201718110528,20190001,90)


select * from person
select * from Course
select * from StudentCourse